{"map": "Town03", "sp_x": -2.9483113288879395, "sp_y": -42.07135009765625, "sp_z": 0.27530714869499207, "pitch": 0.0, "yaw": 92.00418853759766, "roll": 0.0, "wp_x": 44.47627639770508, "wp_y": 3.684684991836548, "wp_z": 0.27530714869499207, "wp_yaw": 0.855804443359375}