{"map": "Town05", "sp_x": -115.23932647705078, "sp_y": 154.67092895507812, "sp_z": 0.5, "pitch": 0.0, "yaw": 0.2696990370750427, "roll": 0.0, "wp_x": -141.6317901611328, "wp_y": 87.9046401977539, "wp_z": 0.29999998211860657, "wp_yaw": -179.93441772460938}