{"map": "Town01", "sp_x": 86.0, "sp_y": 145.0, "sp_z": 0.29999998211860657, "pitch": 0.0, "yaw": 90.0, "roll": 0.0, "wp_x": 182.91, "wp_y": 198.76, "wp_z": 0.29999998211860657, "wp_yaw": 179.999755859375}
