{"fuzzing_start_time": 1621439323.1200106, "determ_seed": 1621439323.1200106, "seed": {"map": "Town01", "sp_x": 110.0, "sp_y": 129.0, "sp_z": 1.0, "pitch": 0.0, "yaw": 180.0, "roll": 0.0, "wp_x": 113.0, "wp_y": 130.0, "wp_z": 0.0, "wp_yaw": 0.0}, "weather": {"cloud": 0, "rain": 0, "puddle": 0, "wind": 0, "fog": 0, "wetness": 0, "angle": 0, "altitude": 90}, "autoware_cmd": "Town01 '110.0,129.0,3.0,0.0,0.0,-180.0'", "autoware_goal": "rostopic pub --once /move_base_simple/goal geometry_msgs/PoseStamped '{header: {stamp: now, frame_id: 'map'}, pose: {position: {x: 113.000000, y: -130.000000, z: 0}, orientation: {x: 0.000000, y: 0.000000, z: 0.000000, w: 1.000000}}}' > /dev/null", "actors": [{"type": 0, "nav_type": 2, "speed": 0, "sp_x": 94.30000305175781, "sp_y": 131.0, "sp_z": 1.5, "sp_yaw": 270.0, "sp_pitch": 0.0, "sp_roll": 0.0}, {"type": 1, "nav_type": 2, "speed": 0, "sp_x": 105.0, "sp_y": 128.0, "sp_z": 1.5, "sp_yaw": 90.0, "sp_pitch": 0.0, "sp_roll": 0.0}], "puddles": [], "first_frame_id": 47166539, "first_sim_elapsed_time": 0, "sim_start_time": 1424910.177764396, "num_frames": 139, "elapsed_time": 6.95000010356307, "deductions": {}, "vehicle_states": {"speed": [0.0003793600973030582, 0.0031968194467424005, 0.004166699002015196, 0.004079575783124334, 0.0034855192810960057, 0.0012446816468166255, 0.0016038742096431055, 0.0015630940664987394, 0.001331733191842933, 0.0010385156926027512, 0.0007543603938907498, 0.0005105045022561678, 0.00032088471060247987, 4.5105445893433344e-05, 4.544838261739901e-05, 1.7095865696295073e-05, 2.7589317765503223e-07, 9.61187584119992e-07, 6.890128365903977e-08, 5.49289651035098e-07, 5.799948588239963e-09, 5.49235064312142e-07, 1.6799443525615498, 3.1466247805415213, 3.921091966022491, 4.693218156742178, 5.566466478724665, 6.406384737334256, 7.269598878872832, 8.112351203279342, 8.981561037953378, 9.894414225428436, 10.82421260815601, 11.719037905020112, 12.575881541215061, 13.313828292251795, 13.935513781953356, 14.3921397274221, 14.472978842681702, 14.058633302913325, 13.220897458796653, 12.224836613317365, 11.198990990681725, 9.820249159862009, 8.267744004186147, 0.001478235701956748], "steer_wheel_angle": [-8.547176606707296, -8.569895436127922, -8.569895436127922, -8.569895436127922, -8.569895436127922, -8.569895436127922, -8.569895436127922, -8.447040814398576, -8.447040814398576, -8.603097231305867, -8.603097231305867, -8.601170138844509, -8.601170138844509, -8.602778570008468, -8.602778570008468, -8.46897941910413, -8.52939311584197, -8.577919859567828, -8.486765517672382, -8.617736875525168, -8.370880242779606, -8.518383915634445, -8.711385224497803, -8.708287794963837, -8.517166639909192, -6.5213022723991685, -6.5213022723991685, -5.46251438626058, -3.3423392557080547, -1.3617259083680295, -0.011492144751912514, 0.20433283745052044, 1.2823596875437175, 1.4520984609266492, 1.961832279720852, 2.3808635411513137, 2.3808635411513137, 2.3514056250623696, -0.0, -0.0, -0.0, -0.0, -0.0, -0.0, -0.0, -0.0], "yaw": [-179.99989318847656, -179.99989318847656, -179.99989318847656, -179.99989318847656, -179.99989318847656, -179.99989318847656, -179.99989318847656, -179.99989318847656, -179.99989318847656, -179.99989318847656, -179.99989318847656, -179.99989318847656, -179.99989318847656, -179.99989318847656, -179.99989318847656, -179.99989318847656, -179.99989318847656, -179.99989318847656, -179.99989318847656, -179.99989318847656, -179.99989318847656, -179.99989318847656, 179.9131622314453, 179.51776123046875, 178.947265625, 178.35353088378906, 177.72044372558594, 177.09962463378906, 176.63169860839844, 176.29183959960938, 176.1175994873047, 176.14239501953125, 176.27688598632812, 176.58010864257812, 176.95713806152344, 177.5212860107422, 178.11427307128906, 178.72108459472656, 178.77603149414062, 178.77603149414062, 179.0334014892578, 179.0435791015625, 179.04351806640625, 179.04342651367188, 179.0433349609375, 179.0389404296875], "yaw_rate": [0.00213623046875, 0.0, 0.0, 0.0, 0.0, 0.0, 0.0, 0.0, 0.0, 0.0, 0.0, 0.0, 0.0, 0.0, 0.0, 0.0, 0.0, 0.0, 0.0, 0.0, 0.0, 0.0, 1.7388916015625, -7.90802001953125, -11.409912109375, -11.87469482421875, -12.6617431640625, -12.4163818359375, -9.3585205078125, -6.79718017578125, -3.48480224609375, 0.49591064453125, 2.6898193359375, 6.064453125, 7.54058837890625, 11.282958984375, 11.8597412109375, 12.13623046875, 1.09893798828125, 0.0, 5.14739990234375, 0.20355224609375, -0.001220703125, -0.0018310546875, -0.0018310546875, -0.087890625], "lat_speed": [0.00014828698125828456, 1.6395689181962782e-05, 8.279066602312923e-07, 5.994100169548572e-07, 4.0619548932997573e-07, 1.1978935334740957e-06, 2.9190676437104706e-07, 2.489096300772732e-07, 2.8634003329232533e-07, 1.412867633031123e-07, 1.451889311238422e-07, 2.0274925489132527e-08, 1.8725742158543483e-07, 1.7854658509980946e-07, 4.930827525171339e-08, 1.9342845233271603e-07, 2.648701278776685e-08, 2.238590246446108e-09, 3.198718384788189e-09, 5.656930322283703e-09, 5.672936721726674e-09, 3.01330615412751e-09, 0.16269553369231174, 0.29493765760220586, 0.3554253867464624, 0.3277161707989844, 0.3831506183908882, 0.36780663745210024, 0.25554042406661887, 0.12093393757581908, 0.01311726160986737, 0.021658155303357775, 0.13953820064084682, 0.17222788358379335, 0.2436806868948395, 0.3136501291461686, 0.32278040276879383, 0.3264807569981336, 0.00020724748108058577, 0.0005527885699777357, 0.08829927121767644, 0.00013521975678285614, 0.00021363058732255525, 5.1496591893140935e-05, 1.0783033084837968e-05, 0.0006227502801133381], "lon_speed": [1.711949673945569e-05, 9.54426069101331e-06, 6.1656345284865965e-06, 4.0842569428169335e-06, 2.648025463548812e-06, 8.651062644490582e-07, 9.11825335713187e-07, 7.442833730949626e-07, 6.219402944017514e-07, 4.0836293200799094e-07, 2.557143573342579e-07, 1.6528598502766588e-07, 1.1638617936166334e-07, 1.4284474804522458e-08, 6.691996347898189e-09, 7.122227958127297e-08, 1.8692427176590435e-09, 8.930968841826076e-09, 4.889349951012542e-09, 6.257925074729204e-09, 1.2071423186910916e-09, 1.4552005484466934e-09, 1.6720474186052356, 3.1327705086383157, 3.904949298950708, 4.6817616815609675, 5.5532635254013325, 6.395816988661448, 7.2651052074911515, 8.11144901087144, 8.98155015710439, 9.894389088883962, 10.82331205830923, 11.717771099773879, 12.573518972289033, 13.310132787405356, 13.931774079648802, 14.388435665122083, 14.472978796539964, 14.058633248671953, 13.220602147532245, 12.224835464607255, 11.19898944787169, 9.820246911433982, 8.267741355974646, 5.0660347854388726e-05], "min_dist": 1.626046895980835}, "control_cmds": {"throttle": [0.0, 0.0, 0.0, 0.0, 0.0, 0.0, 0.0, 0.0, 0.0, 0.0, 0.0, 0.013008610345423222, 0.013008610345423222, 0.04304048418998718, 0.07303645461797714, 0.10305633395910263, 0.16300933063030243, 0.22297964990139008, 0.2829586863517761, 0.34294530749320984, 0.4029368460178375, 0.46293139457702637, 0.5529265403747559, 0.499869704246521, 0.34677746891975403, 0.4045126438140869, 0.39448362588882446, 0.4117535650730133, 0.433453768491745, 0.4851669371128082, 0.5041152238845825, 0.5167009234428406, 0.5192751884460449, 0.5175332427024841, 0.5066691637039185, 0.4703417122364044, 0.45418593287467957, 0.39797642827033997, 0.25627434253692627, 0.1215585470199585, 0.05037705972790718, 0.014064430259168148, 0.0, 0.0, 0.0, 0.0], "brake": [0.0, 0.0, 0.0, 0.0, 0.0, 0.0, 0.0, 0.0, 0.0, 0.0, 0.0, 0.0, 0.0, 0.0, 0.0, 0.0, 0.0, 0.0, 0.0, 0.0, 0.0, 0.0, 0.0, 0.0, 0.0, 0.0, 0.0, 0.0, 0.0, 0.0, 0.0, 0.0, 0.0, 0.0, 0.0, 0.0, 0.0, 0.0, 0.0, 0.0, 0.0, 0.0, 0.0, 0.07032424211502075, 0.20408545434474945, 0.24571557343006134],