{"fuzzing_start_time": 1622924688.6096413, "determ_seed": 1622924688.6096413, "seed": {"map": "Town01", "sp_x": 110.0, "sp_y": 129.0, "sp_z": 1.0, "pitch": 0.0, "yaw": 180.0, "roll": 0.0, "wp_x": 113.0, "wp_y": 130.0, "wp_z": 0.0, "wp_yaw": 0.0}, "weather": {"cloud": 0, "rain": 0, "puddle": 0, "wind": 0, "fog": 0, "wetness": 0, "angle": 0, "altitude": 90}, "autoware_cmd": "Town01 '110.0,129.0,3.0,0.0,0.0,-180.0'", "autoware_goal": "rostopic pub --once /move_base_simple/goal geometry_msgs/PoseStamped '{header: {stamp: now, frame_id: 'map'}, pose: {position: {x: 113.000000, y: -130.000000, z: 0}, orientation: {x: 0.000000, y: 0.000000, z: 0.000000, w: 1.000000}}}' > /dev/null", "actors": [{"type": 0, "nav_type": 0, "speed": 1, "sp_x": 107.0, "sp_y": 136.0, "sp_z": 1.5, "sp_yaw": 270.0, "sp_pitch": 0.0, "sp_roll": 0.0}], "puddles": [], "first_frame_id": 20868, "first_sim_elapsed_time": 0, "sim_start_time": 2879.22290069, "num_frames": 73, "elapsed_time": 3.6500000543892384, "deductions": {}, "vehicle_states": {"speed": [4.0780412121741185e-05, 3.336579358183586e-05, 2.2726576156203492e-05, 1.5859796230037573e-05, 9.955088277199089e-06, 4.945009392064041e-06, 0.0, 4.137750252098268e-07, 7.747188135595529e-07, 2.3382523248153586e-06, 2.6779238629068815e-06, 3.709489548414374e-06, 2.135243419944512e-06, 3.9133094232527846e-06, 2.1986636550601963e-06, 2.7504105703658746e-07, 1.098496067929821e-06, 2.7486593020073546e-07, 1.0985063398587063e-06, 1.92539033971282, 3.2567820905280587, 4.236328442809323, 5.058903680332082, 5.881076758637609, 6.759449048581897, 7.666003065664784, 8.575935066813015, 9.475033997911664, 10.38388807098682, 10.36241915721418], "steer_wheel_angle": [-8.511621098869512, -8.54416262366692, -8.54416262366692, -8.54416262366692, -8.54416262366692, -8.54416262366692, -8.645368095715355, -8.645368095715355, -8.645368095715355, -8.52828171285546, -8.52828171285546, -8.48877501354616, -8.48877501354616, -8.453752520186185, -8.453752520186185, -8.419450274374014, -8.684272937189633, -8.597999172088066, -8.495555041150396, -8.359585238331533, -8.422048589568192, -7.301640161778209, -6.793851558980691, -5.563690130495672, -4.212635594421272, -2.8969595031560686, -0.9078983066137383, -0.1295036285597586, 0.9830024977779104, 1.1872841427603902], "yaw": [-179.9996337890625, -179.9996337890625, -179.9996337890625, -179.9996337890625, -179.9996337890625, -179.9996337890625, -179.9996337890625, -179.9996337890625, -179.9996337890625, -179.9996337890625, -179.9996337890625, -179.9996337890625, -179.9996337890625, -179.9996337890625, -179.9996337890625, -179.9996337890625, -179.9996337890625, -179.9996337890625, -179.9996337890625, 179.81692504882812, 179.36285400390625, 178.8048553466797, 178.1965789794922, 177.5900421142578, 177.0452117919922, 176.55262756347656, 176.2630615234375, 176.1688995361328, 176.2061767578125, 175.92153930664062], "yaw_rate": [0.00732421875, 0.0, 0.0, 0.0, 0.0, 0.0, 0.0, 0.0, 0.0, 0.0, 0.0, 0.0, 0.0, 0.0, 0.0, 0.0, 0.0, 0.0, 0.0, 3.6688232421875, -9.0814208984375, -11.15997314453125, -12.16552734375, -12.1307373046875, -10.8966064453125, -9.8516845703125, -5.79132080078125, -1.88323974609375, 0.74554443359375, -5.6927490234375], "lat_speed": [1.8638374122265012e-07, 1.591302647044758e-07, 3.2425744800439253e-07, 1.7130316767354928e-07, 6.764151315175926e-08, 1.3977308339152113e-07, 0.0, 3.9146336709090826e-08, 1.726799044899458e-07, 1.3151675043626675e-07, 3.9998804400155547e-08, 1.2463127821433142e-07, 1.696335981852151e-07, 2.0692982478589172e-08, 8.770060447912557e-08, 8.45694814068335e-09, 8.003635524602517e-09, 9.184422120811692e-09, 8.763210335292749e-09, 0.17351632210946874, 0.29256714367086223, 0.32895655330617046, 0.3621178253888383, 0.34437136630255377, 0.2993701314830936, 0.23751337031231365, 0.09116814784755434, 0.013397120586289191, 0.09349585088604861, 0.2088316566028233], "lon_speed": [5.929631232352493e-08, 1.7036647359711757e-08, 6.220352857301003e-08, 1.145314066078305e-08, 5.613857433245897e-08, 9.964112187835239e-09, 0.0, 6.081383630218419e-10, 8.228605570817049e-09, 4.013544435305464e-08, 2.872243104400311e-08, 3.073372434016993e-08, 3.2508443552792066e-08, 1.4736485935160974e-08, 7.94607446506813e-09, 1.2809118709779234e-08, 6.141668037156964e-09, 7.411910252469709e-09, 6.895786032303294e-09, 1.9175551147952141, 3.243613607269988, 4.223536344676269, 5.045926188801045, 5.870984858085628, 6.752815544395669, 7.662321918983704, 8.57544926821633, 9.475023559095447, 10.383466198029318, 10.360311970786633], "min_dist": 3.2395646572113037}, "control_cmds": {"throttle": [0.07818665355443954, 0.1081843301653862, 0.1081843301653862, 0.1081843301653862, 0.13815590739250183, 0.13815590739250183, 0.1681334674358368, 0.1681334674358368, 0.19811497628688812, 0.22809965908527374, 0.22809965908527374, 0.2580868601799011, 0.2580868601799011, 0.2880765199661255, 0.2880765199661255, 0.3180684745311737, 0.37805694341659546, 0.4380493462085724, 0.49804461002349854, 0.5578896403312683, 0.44163385033607483, 0.37359705567359924, 0.3860601484775543, 0.412898987531662, 0.4374896287918091, 0.48106127977371216, 0.4720476269721985, 0.5118697881698608, 0.4996611773967743, 0.5073399543762207], "brake": [0.0, 0.0, 0.0, 0.0, 0.0, 0.0, 0.0, 0.0, 0.0, 0.0, 0.0, 0.0, 0.0, 0.0, 0.0, 0.0, 0.0, 0.0, 0.0, 0.0, 0.0, 0.0, 0.0, 0.0, 0.0, 0.0, 0.0, 0.0, 0.0, 0.0], "steer": [-0.12159460037946701, -0.12205947935581207, -0.12205947935581207, -0.12205947935581207, -0.12205947935581207, -0.12205947935581207, -0.12350527197122574, -0.12350527197122574, -0.12350527197122574, -0.12183260917663574, -0.12183260917663574, -0.12126822769641876, -0.12126822769641876, -0.12076790630817413, -0.12076790630817413, -0.12027787417173386, -0.12406105548143387, -0.12282857298851013, -0.12136508524417877, -0.11942265927791595, -0.12031499296426773, -0.10430915653705597, -0.09705503284931183, -0.07948129624128342, -0.06018051505088806, -0.041385140269994736, -0.012969977222383022, -0.0018500520382076502, 0.01404289435595274, 0.016961203888058662]}, "events": {"crash": true, "stuck": false, "lane_invasion": false, "red": false, "speeding": false, "other": false, "other_error_val": 0}, "config": {"fps": 20, "max_dist_from_player": 40, "min_dist_from_player": 5, "abort_seconds": 30, "wait_autoware_num_topics": 195}}