{"fuzzing_start_time": 1622927103.6909153, "determ_seed": 1622927103.6909153, "seed": {"map": "Town01", "sp_x": 110.0, "sp_y": 129.0, "sp_z": 1.0, "pitch": 0.0, "yaw": 180.0, "roll": 0.0, "wp_x": 113.0, "wp_y": 130.0, "wp_z": 0.0, "wp_yaw": 0.0}, "weather": {"cloud": 0, "rain": 0, "puddle": 0, "wind": 0, "fog": 0, "wetness": 0, "angle": 0, "altitude": 90}, "autoware_cmd": "Town01 '110.0,129.0,3.0,0.0,0.0,-180.0'", "autoware_goal": "rostopic pub --once /move_base_simple/goal geometry_msgs/PoseStamped '{header: {stamp: now, frame_id: 'map'}, pose: {position: {x: 113.000000, y: -130.000000, z: 0}, orientation: {x: 0.000000, y: 0.000000, z: 0.000000, w: 1.000000}}}' > /dev/null", "actors": [{"type": 0, "nav_type": 0, "speed": 10, "sp_x": 135.0, "sp_y": 129.0, "sp_z": 1.5, "sp_yaw": 180.0, "sp_pitch": 0.0, "sp_roll": 0.0}], "puddles": [], "first_frame_id": 1254, "first_sim_elapsed_time": 0, "sim_start_time": 1338.60922893, "num_frames": 114, "elapsed_time": 5.700000084936619, "deductions": {}, "vehicle_states": {"speed": [0.0005105731823074526, 0.00032095327877982574, 4.3802341316418025e-05, 4.5173806334972685e-05, 3.872038822655926e-05, 3.3228590655622666e-05, 2.327438880936659e-05, 1.441731833338013e-05, 9.887527563829201e-06, 6.732753704293446e-06, 0.0, 1.4088472997003225e-07, 2.7525059517779817e-07, 4.80727110029757e-07, 6.866038477372184e-07, 6.867648479126386e-07, 8.238670276043631e-07, 8.925869373523478e-07, 4.1201826276495943e-07, 1.2358109715727147e-06, 4.806189364012848e-07, 1.30445373334929e-06, 2.3784643034538906, 3.5105115437910133, 19.940714328469916, 17.83637896480594, 16.86300515383318, 16.985047711116692, 18.53883823019267, 20.876146075902724, 23.34285738355861, 25.635288521618943, 27.490627149625016, 28.594021494329347, 28.692572841796284, 27.588919726111197, 26.032010845391156, 24.294958120463363, 22.280094301675106, 21.21080837210673, 19.258684136887272, 17.847680341798338], "steer_wheel_angle": [-8.44740537126745, -8.44740537126745, -8.44740537126745, -8.44740537126745, -8.553904480253038, -8.553904480253038, -8.549395761896221, -8.712023068633187, -8.712023068633187, -8.55957571257369, -8.55957571257369, -8.55957571257369, -8.487774177163658, -8.487774177163658, -8.487774177163658, -8.487774177163658, -8.448438543166219, -8.448438543166219, -8.628297029289058, -8.46721035344001, -8.704919164325702, -8.545575998652112, -8.607652888315329, -8.341003790371246, -7.541133163004986, -6.661813129091115, -4.106053038942093, 0.009414228254012946, 5.17777461004664, 7.288827995768543, 6.7918869155972175, 3.9086405398113016, 1.2893861430743385, 4.785536453086365, 8.716270495156948, 23.85697909449368, 31.221609885039925, 42.46992184762394, 45.01797721871162, 39.91123539325281, 50.897542055261056, 52.349498526763455], "yaw": [-179.99989318847656, -179.99989318847656, -179.99989318847656, -179.99989318847656, -179.99989318847656, -179.99989318847656, -179.99989318847656, -179.99989318847656, -179.99989318847656, -179.99989318847656, -179.99989318847656, -179.99989318847656, -179.99989318847656, -179.99989318847656, -179.99989318847656, -179.99989318847656, -179.99989318847656, -179.99989318847656, -179.99989318847656, -179.99989318847656, -179.99989318847656, -179.99989318847656, 179.74832153320312, 179.2747039794922, 178.18417358398438, 175.94345092773438, 174.24049377441406, 173.89524841308594, 174.88865661621094, 177.26516723632812, -179.99754333496094, -178.15728759765625, -177.2081756591797, -176.3983612060547, -173.56028747558594, -166.82192993164062, -156.5507354736328, -144.4209747314453, -129.83987426757812, -116.43049621582031, -102.62028503417969, -88.09709930419922], "yaw_rate": [0.00213623046875, 0.0, 0.0, 0.0, 0.0, 0.0, 0.0, 0.0, 0.0, 0.0, 0.0, 0.0, 0.0, 0.0, 0.0, 0.0, 0.0, 0.0, 0.0, 0.0, 0.0, 0.0, 5.03570556640625, -9.47235107421875, -21.81060791015625, -44.814453125, -34.05914306640625, -6.9049072265625, 19.8681640625, 47.53021240234375, 54.74578857421875, 36.80511474609375, 18.98223876953125, 16.1962890625, 56.761474609375, 134.76715087890625, 205.42388916015625, 242.59521484375, 291.62200927734375, 268.18756103515625, 276.2042236328125, 290.4637145996094], "lat_speed": [1.1798501719922547e-07, 7.50564296100767e-08, 3.755707902537951e-07, 7.54314996306912e-08, 4.5796480578263566e-08, 1.5474262442903347e-07, 2.140891081482025e-07, 5.295892384791557e-09, 1.5444580685928093e-07, 2.5137664913409255e-07, 0.0, 3.142411007709339e-08, 1.766536052499455e-08, 9.588667660690442e-09, 4.535133301665567e-09, 1.465134294707015e-08, 5.746150641895628e-10, 1.2344743479757233e-08, 6.715168858157289e-10, 6.679289697451374e-09, 2.3009409085623202e-09, 5.496584654220563e-09, 0.22455503863891277, 0.31092443041246065, 0.5900027656517871, 1.0456353979443975, 0.6574499570168272, 0.005295628557516352, 0.8500049119530605, 1.293107070531835, 1.300833098924471, 0.7956568424189258, 0.28860190322656293, 0.7890269403462981, 1.6787802374457115, 3.8667543811691645, 5.021458167529204, 5.84469725747465, 6.958784159382503, 6.22580325559845, 7.137727298397782, 7.267964999548047], "lon_speed": [1.2109321275325395e-07, 7.305520898890358e-08, 6.512350904337358e-08, 2.736337167313976e-09, 2.6150253375667116e-08, 9.173549624498246e-08, 5.32892856047032e-09, 6.910134859755462e-08, 7.361699060848248e-08, 2.721174990628792e-08, 0.0, 2.834617105752779e-09, 6.2318232820676465e-09, 7.57708229699646e-09, 8.91231382675766e-09, 1.03173408673707e-08, 6.977469555565579e-09, 4.473368560080036e-09, 9.035039539647265e-09, 9.566293522900785e-09, 6.329937165340516e-09, 9.29689726344244e-09, 2.3678394975367816, 3.496714390689282, 19.9309154940134, 17.8053960154779, 16.850146921674597, 16.98504564614874, 18.519308126066544, 20.83604515545655, 23.306562927451335, 25.622917376410527, 27.4890971647267, 28.583124178432122, 28.64341792649648, 27.31659996395258, 25.5431112585926, 23.58144360334793, 21.165485865372524, 20.276532504582782, 17.887071630226647, 16.300805524868323], "min_dist": 4.561751365661621}, "control_cmds": {"throttle": [0.013588006608188152, 0.04352468252182007, 0.04352468252182007, 0.04352468252182007, 0.07355141639709473, 0.07355141639709473, 0.10356977581977844, 0.13354173302650452, 0.13354173302650452, 0.16352035105228424, 0.16352035105228424, 0.16352035105228424, 0.19350312650203705, 0.19350312650203705, 0.22348909080028534, 0.22348909080028534, 0.25347691774368286, 0.25347691774368286, 0.3134593665599823, 0.3734482228755951, 0.4634384214878082, 0.5234348177909851, 0.5534334778785706, 0.39193156361579895, 0.38766181468963623, 0.393444687128067, 0.3689018189907074, 0.8296013474464417, 1.0, 0.9913814067840576, 0.9444805979728699, 0.8017419576644897, 0.6268838047981262, 0.3794550895690918, 0.28946414589881897, 0.22645476460456848, 0.23972566425800323, 0.25367802381515503, 0.2411821484565735, 0.2456623911857605, 0.20852838456630707, 0.23107430338859558], "brake": [0.0, 0.0, 0.0, 0.0, 0.0, 0.0, 0.0, 0.0, 0.0, 0.0, 0.0, 0.0, 0.0, 0.0, 0.0, 0.0, 0.0, 0.0, 0.0, 0.0, 0.0, 0.0, 0.0, 0.0, 0.0, 0.0, 0.0, 0.0, 0.0, 0.0, 0.0, 0.0, 0.0, 0.0, 0.0, 0.0, 0.0, 0.0, 0.0, 0.0, 0.0, 0.0], "steer": [-0.12067723274230957, -0.12067723274230957, -0.12067723274230957, -0.12067723274230957, -0.12219864875078201, -0.12219864875078201, -0.1221342384815216, -0.12445748597383499, -0.12445748597383499, -0.12227966636419296, -0.12227966636419296, -0.12227966636419296, -0.12125393003225327, -0.12125393003225327, -0.12125393003225327, -0.12125393003225327, -0.12069199234247208, -0.12069199234247208, -0.12326139956712723, -0.12096016108989716, -0.12435600161552429, -0.12207967042922974, -0.12296648323535919, -0.11915720999240875, -0.10773048549890518, -0.09516876935958862, -0.05865790694952011, 0.0001344889897154644, 0.07396821677684784, 0.10412612557411194, 0.09702696651220322, 0.0558377280831337, 0.01841980405151844, 0.06836481392383575, 0.12451816350221634, 0.3408140242099762, 0.44602304697036743, 0.6067132353782654, 0.6431140303611755, 0.5701605677604675, 0.72710782289505, 0.7478500604629517]},