{"fuzzing_start_time": 1650998811.1484776, "determ_seed": 1650998811.1484776, "seed": {"map": "Town01", "sp_x": 144.06, "sp_y": 129.75, "sp_z": 0.29999998211860657, "pitch": 0.0, "yaw": 180.0, "roll": 0.0, "wp_x": 132.91, "wp_y": 198.76, "wp_z": 0.29999998211860657, "wp_yaw": 179.999755859375}, "weather": {"cloud": 0, "rain": 0, "puddle": 0, "wind": 0, "fog": 0, "wetness": 0, "angle": 0, "altitude": 60}, "autoware_cmd": "", "autoware_goal": "", "actors": [{"type": 0, "nav_type": 0, "speed": 15.0, "sp_x": 200.0, "sp_y": 130.0, "sp_z": 0.30000001192092896, "sp_yaw": 180.0, "sp_pitch": 0.0, "sp_roll": 0.0}], "puddles": [], "first_frame_id": 42249, "first_sim_elapsed_time": 0, "sim_start_time": 3101432.181889203, "num_frames": 88, "elapsed_time": 4.400000065565109, "deductions": {}, "vehicle_states": {"speed": [3.5259427070617675, 5.2875926971435545, 7.048360347747803, 8.808248233795167, 10.567258930206298, 12.325389862060547, 14.08264102935791, 15.839015007019043, 17.594510078430176, 19.349127960205077, 21.10286350250244, 22.855725288391113, 0.07170275136170025, 0.7286359052462111, 0.9047694916521875, 0.8541670096500279, 0.7187200121339474, 0.567316672201735, 0.42990247858811004, 0.31663481926024556, 0.22834538379458744, 0.16202003001603646, 0.113465188224982, 0.07862560973289591, 0.05400049543187562, 0.0368066211193832, 0.024916223566642325, 0.01678736773202827, 0.011235699870375537, 0.003044138875217707, 0.003916690749835506, 0.003743743053617593, 0.0031626381639431995, 0.0025055887357598875, 0.0019049898169691778, 0.001401471202748626, 0.0010155619370404195, 0.0, 0.00034467531777171006, 0.0003583998749170087, 0.0003177433791717554, 0.0002567082164780982, 0.00019457387366117988, 0.00014548488889970268, 0.00010566308573745157, 7.895407617175458e-05, 2.9526390984194875e-05, 3.5089951144959596e-05, 3.316743546822325e-05, 0.005717630849051885, 3.2898217008556143, 6.188717756329287, 8.688963959117443, 10.807278173001643, 12.591829869436328, 14.088883095117016, 15.33904066876992, 16.384710977154135, 17.265320119984608, 18.014993706362894, 18.67091219227394, 19.240526854402795, 19.744051997188954, 20.19108885481973, 20.56338903842526, 20.846825995107757, 20.994062823242377, 21.01770504474915, 20.825607519077824, 20.654912601158408, 20.381279056714437, 20.17851524310343, 19.89860131539512, 19.715883793802146, 19.475154426227757, 19.35018074698649, 19.181068305141768, 19.13494755293447, 19.04852621672515, 19.08938692854762, 19.037272985798293, 19.047932944293336, 19.007040062190523, 19.0162007626307, 18.975172869687345, 18.98443657732757, 18.94337004297502, 37.006591518041816], "steer_wheel_angle": [6.999999341368664, 1.7466108646212177, 1.7466108646212177, 1.7466108646212177, 1.7466108646212177, 1.7466108646212177, 1.7466108646212177, 1.7466108646212177, 1.7466108646212177, 1.7466108646212177, 1.7466108646212177, 1.7466108646212177, 1.7465592321033085, 1.748501058086191, 1.7488452748722523, 1.7489178993987053, 1.7480375388913245, 1.7478636051062466, 1.7476861509222203, 1.7475918824614922, 1.7475847112784493, 1.747414428277466, 1.747407257094423, 1.7473239409859787, 1.7472369740934397, 1.747233323309345, 1.747233323309345, 1.747233323309345, 1.7473131190188411, 1.7473131190188411, 1.7473131190188411, 1.7473964351272855, 1.7473964351272855, 1.7473964351272855, 1.7473964351272855, 1.7473964351272855, 1.7473964351272855, 1.7473964351272855, 1.7473964351272855, 1.7473929147283371, 1.7473929147283371, 1.7473929147283371, 1.7473929147283371, 1.7473929147283371, 1.7473929147283371, 1.7473929147283371, 1.7473929147283371, 1.7473929147283371, 1.7473929147283371, 1.74740008591138, 1.7401335913265399, 1.7244154011775805, 1.7016543269695745, 1.674114506766898, 1.6438706290164475, 1.6107131647882227, 1.5768153736996737, 1.5437791676574477, 1.5106412612011582, 1.4799411658240302, 1.4517016989266551, 1.4261459494942414, 1.4039876458172813, 1.3851674626542376, 1.3711990411677561, 1.361543890703885, 1.3579375679441625, 1.3601492911797521, 1.3719866978361637, 1.3908761155118583, -0.3198502143550499, -0.42421830851056797, -0.45692574840656164, -0.4572438881633758, -0.45022105082056285, -0.44126245040416734, -0.4329614800690962, -0.4246761233552867, -0.41819839371259704, -0.4121834009538965, -0.40763188367282766, -0.4045714835203924, -0.40273246622531644, -0.40181882490935905, -0.40343540514495757, -0.4061638773113643, -0.4119798371443366, -0.9296239271829165], "yaw": [-179.99996948242188, -179.99996948242188, -179.99996948242188, -179.99996948242188, -179.99996948242188, -179.99996948242188, -179.99996948242188, -179.99996948242188, -179.99996948242188, -179.99996948242188, -179.99996948242188, -179.99996948242188, -179.99989318847656, 179.9994659423828, 179.99937438964844, 179.99949645996094, 179.99964904785156, 179.9998016357422, 179.99989318847656, 179.99998474121094, -179.9999542236328, -179.99989318847656, -179.9998779296875, -179.99986267089844, -179.9998016357422, -179.9998016357422, -179.9998016357422, -179.9998016357422, -179.9998016357422, -179.9998016357422, -179.999755859375, -179.99977111816406, -179.99978637695312, -179.99978637695312, -179.99978637695312, -179.99978637695312, -179.99978637695312, -179.99978637695312, -179.999755859375, -179.999755859375, -179.999755859375, -179.999755859375, -179.999755859375, -179.999755859375, -179.999755859375, -179.999755859375, -179.999755859375, -179.999755859375, -179.999755859375, -179.9999542236328, -179.98214721679688, -179.94276428222656, -179.88568115234375, -179.81385803222656, -179.73146057128906, -179.6395721435547, -179.5422821044922, -179.44085693359375, -179.33486938476562, -179.2278289794922, -179.1204071044922, -179.01220703125, -178.90357971191406, -178.7945556640625, -178.685546875, -178.57620239257812, -178.468017578125, -178.35841369628906, -178.25259399414062, -178.14552307128906, -178.040771484375, -177.93392944335938, -177.91859436035156, -177.94366455078125, -177.9759521484375, -178.00990295410156, -178.0428009033203, -178.07603454589844, -178.1077117919922, -178.1391143798828, -178.1695098876953, -178.1998291015625, -178.22938537597656, -178.25924682617188, -178.288330078125, -178.3177947998047, -178.3468017578125, -178.39122009277344], "yaw_rate": [0.0006103515625, 0.0, 0.0, 0.0, 0.0, 0.0, 0.0, 0.0, 0.0, 0.0, 0.0, 0.0, 0.00152587890625, 0.0128173828125, -0.0018310546875, 0.00244140625, 0.0030517578125, 0.0030517578125, 0.0018310546875, 0.0018310546875, 0.001220703125, 0.001220703125, 0.00030517578125, 0.00030517578125, 0.001220703125, 0.0, 0.0, 0.0, 0.0, 0.0, 0.00091552734375, -0.00030517578125, -0.00030517578125, 0.0, 0.0, 0.0, 0.0, 0.0, 0.0006103515625, 0.0, 0.0, 0.0, 0.0, 0.0, 0.0, 0.0, 0.0, 0.0, 0.0, -0.00396728515625, 0.35614013671875, 0.78765869140625, 1.14166259765625, 1.43646240234375, 1.64794921875, 1.8377685546875, 1.94580078125, 2.02850341796875, 2.1197509765625, 2.14080810546875, 2.1484375, 2.16400146484375, 2.17254638671875, 2.18048095703125, 2.18017578125, 2.1868896484375, 2.1636962890625, 2.19207763671875, 2.11639404296875, 2.14141845703125, 2.09503173828125, 2.1368408203125, 0.30670166015625, -0.50140380859375, -0.645751953125, -0.67901611328125, -0.657958984375, -0.6646728515625, -0.633544921875, -0.6280517578125, -0.60791015625, -0.60638427734375, -0.59112548828125, -0.59722900390625, -0.5816650390625, -0.58929443359375, -0.58013916015625, -0.88836669921875],