{"fuzzing_start_time": 1650576150.1628692, "determ_seed": 1650576150.1628692, "seed": {"map": "Town03", "sp_x": -2.9483113288879395, "sp_y": -42.07135009765625, "sp_z": 0.27530714869499207, "pitch": 0.0, "yaw": 92.00418853759766, "roll": 0.0, "wp_x": 44.47627639770508, "wp_y": 3.684684991836548, "wp_z": 0.27530714869499207, "wp_yaw": 0.855804443359375}, "weather": {"cloud": 0, "rain": 0, "puddle": 0, "wind": 0, "fog": 0, "wetness": 0, "angle": 0, "altitude": 60}, "autoware_cmd": "", "autoware_goal": "", "actors": [{"type": 1, "nav_type": 1, "speed": 5, "sp_x": 9.644854545593262, "sp_y": -26.38064956665039, "sp_z": 1.5, "sp_yaw": -108.03324890136719, "sp_pitch": 0.0, "sp_roll": 0.0, "dp_x": -34.22554016113281, "dp_y": 131.2431640625, "dp_z": 0.27530714869499207}, {"type": 0, "nav_type": 2, "speed": 0, "sp_x": -11.0, "sp_y": -21.0, "sp_z": 1.5, "sp_yaw": 117.0, "sp_pitch": 0.0, "sp_roll": 0.0}], "puddles": [], "first_frame_id": 1727, "first_sim_elapsed_time": 0, "sim_start_time": 2678834.75049245, "num_frames": 119, "elapsed_time": 5.950000088661909, "deductions": {}, "vehicle_states": {"speed": [5.2875926971435545, 7.048360347747803, 8.808248233795167, 10.567258930206298, 12.325389862060547, 14.08264102935791, 15.839015007019043, 17.594510078430176, 19.349127960205077, 21.10286350250244, 21.906455039978027, 0.2936318932846353, 0.8048651052549488, 0.911114944988607, 0.8349270579689534, 0.6920173123692225, 0.5412174333657626, 0.40755656624207504, 0.29881107792960054, 0.21474715946136105, 0.1519605152731497, 0.10621177831914576, 0.07346836237158878, 0.05039865944272043, 0.034320483411933604, 0.02322836822397833, 0.015632722891609763, 0.004279133009908146, 0.0055351078749959455, 0.0052808202685582055, 0.004471702854033536, 0.0035082146814855142, 0.002659402773717049, 0.001960461745156012, 0.001414426808256515, 0.0, 0.00047946088283529876, 0.0005003692022612906, 0.00044233664029163003, 0.0003553666724614941, 0.000276383313509578, 0.00020728189421614928, 0.00015206750453650587, 0.00010921745961603788, 4.249758756534407e-05, 4.941152290225876e-05, 4.259561276981584e-05, 3.861282053241057e-05, 0.005684539514628351, 3.2875252050618493, 6.179769765485749, 8.669726688932665, 10.775642081181457, 12.547609385561103, 14.032206688243921, 15.270868926543411, 16.306686515120578, 17.179318175931844, 17.922727691569758, 18.571760490606476, 19.13806615997124, 19.640918088856615, 20.088321594017998, 20.47438424535057, 20.76613744222304, 20.959319684283123, 20.96640158449374, 20.86455022657347, 20.6264693400751, 20.44106689767611, 20.164597278359157, 19.97111531666828, 19.708954255346523, 19.55237482185623, 19.343934199401012, 19.254906274797328, 19.125301536981095, 19.120887741445607, 19.080449561482872, 19.107762044863527, 19.068603780513413, 19.07717078573913, 19.03629060412074, 19.0450590514828, 18.973626823389296, 18.93646068085972, 18.833097177560646, 18.769498564825096, 18.69824084361998, 19.18273765934136, 20.185311900399565, 21.18430800623094, 22.004915104772856, 22.629376162227373, 23.025910255814598, 23.194609130309853, 23.146877198996712, 22.940984966079935, 22.58826249368755, 22.203903807091763, 21.752553186357552, 21.365671449495103, 20.94160635801354, 20.63019797082842, 20.301858075745947, 20.107302290225903, 19.906006675061423, 19.845359942097488, 19.7819178713945, 19.854875703170034, 19.915084340562206, 20.09457665345138, 20.237041026878483, 20.47151944250471, 20.63825801961456, 20.866496533745238, 21.000903566255232, 21.173764242169813, 21.239626761705928], "steer_wheel_angle": [0.3129863816980709, 1.253615760515558, 1.253615760515558, 1.253615760515558, 1.253615760515558, 1.253615760515558, 1.253615760515558, 1.253615760515558, 1.253615760515558, 1.253615760515558, 1.2534797688080346, 1.2540461618832808, 1.263090197166747, 1.2651510647881423, 1.2649368419928777, 1.2641395368236488, 1.2633105480638847, 1.2625622677096402, 1.2619840095860866, 1.2615594755499444, 1.2612114775946424, 1.2609482299843933, 1.2607762519765089, 1.2606100109150589, 1.2604918819725697, 1.260420039756994, 1.2603706237865708, 1.260362931062943, 1.2603050400580145, 1.2603037362065521, 1.2602540594658365, 1.2602807884208147, 1.2603029538956747, 1.2603139062479585, 1.260329682850653, 1.260329682850653, 1.2603438948315926, 1.2603534129472678, 1.2603581068125322, 1.260362931062943, 1.2603643652995515, 1.2603674945430612, 1.2603691895499622, 1.260370754171717, 1.260370754171717, 1.260370754171717, 1.260370754171717, 1.2603738834152267, 1.2605210882453264, 1.25586099273373, 1.2462663409777122, 1.233004606983826, 1.2172778114152152, 1.2001543301601316, 1.182531604180113, 1.165231059896442, 1.1489627748155158, 1.134420658685599, 1.1221808834679052, 1.1129248419366604, 1.1073650889160405, 1.1062742867826358, 1.1107000801864473, 1.121909812748882, 1.1417975894893004, 2.118021950247595, 2.1305902960338017, 2.1001776999041226, 2.056640013413812, 2.010596845953444, 1.9701273827243426, 1.9319968986335567, 1.9008850469646177, 1.8724393107658983, 1.8512826257823178, 1.8332482738956344, 1.8231052222145507, 1.8170758218971912, 1.8203977746529745, 1.8299153687875673, 1.8516924262969354, 1.8833191689083577, 8.851692158821038, 8.883318379891875, 15.851690978649117, 15.883317199719954, 18.283529375032003, 17.8178791653354, 17.257822808196238, 16.653025570437308, 16.04065347722269, 15.422911602145518, 14.810673023320646, 14.211947561051602, 13.633590344786853, 13.082022582208197, 12.560567529922878, 12.072809214830613, 11.616572812692198, 11.185135665367739, 10.788622961773285, 10.416032281728917, 10.081264767985658, 9.76504636668642, 9.482674906268699, 9.212999829850787, 8.972526853864906, 8.740730227050108, 8.534564190741662, 8.336153984471878, 8.161834259361115, 7.996343173272237, 7.855114676735411, 7.725067488799141, 7.621373746619952, 7.533123864242043, 7.475788821577112, 7.440508687168176, 7.444148518910481],