{"fuzzing_start_time": 1617914572.5855172, "determ_seed": 1617914572.5855172, "seed": {"map": "Town04", "sp_x": 384.7312316894531, "sp_y": -102.08518981933594, "sp_z": 0.2819424271583557, "pitch": 0.0, "yaw": 90.43909454345703, "roll": 0.0, "wp_x": -493.5285949707031, "wp_y": 225.45188903808594, "wp_z": 0.2819424271583557, "wp_yaw": -89.6424789428711}, "weather": {"cloud": 74, "rain": 11, "puddle": 68, "wind": 53, "fog": 75, "wetness": 78, "angle": 254, "altitude": -64}, "autoware_cmd": "Town04 '384.7312316894531,-102.08518981933594,2.281942367553711,0.0,0.0,-90.43909454345703'", "autoware_goal": "rostopic pub --once /move_base_simple/goal geometry_msgs/PoseStamped '{header: {stamp: now, frame_id: 'map'}, pose: {position: {x: -493.528595, y: -225.451889, z: 0}, orientation: {x: 0.000000, y: 0.000000, z: -0.743937, w: 0.668250}}}' > /dev/null", "actors": [{"type": 0, "nav_type": 2, "speed": 0, "sp_x": 379.0, "sp_y": -84.0, "sp_z": 1.5, "sp_yaw": 93.0, "sp_pitch": 0.0, "sp_roll": 0.0}], "puddles": [], "first_frame_id": 405954, "first_sim_elapsed_time": 0, "sim_start_time": 1142742.204408038, "num_frames": 16, "elapsed_time": 0.800000011920929, "vehicle_states": {"speed": [4.421317308314106e-05, 3.988782784460269e-05, 3.0482246357257562e-05, 2.4856312145424807e-05, 1.7096321892960976e-05, 1.2770449488908886e-05, 5.084137742243402e-06, 0.0, 4.1321729808234027e-07, 8.245651792580588e-07, 1.7418992464799092e-06, 1.6479370869977887e-06, 2.2671550635663756e-06], "steer_wheel_angle": [37.18071174695524, 37.18071174695524, 36.4508177844923, 36.4508177844923, 40.890684439447796, 39.93278545022258, 39.93278545022258, 39.93278545022258, 36.31858012609928, 41.96037252381166, 41.96037252381166, 41.96037252381166, 40.606169447225966], "yaw": [90.43931579589844, 90.43931579589844, 90.43931579589844, 90.43931579589844, 90.43931579589844, 90.43931579589844, 90.43931579589844, 90.43931579589844, 90.43931579589844, 90.43931579589844, 90.43931579589844, 90.43931579589844, 90.43931579589844], "yaw_rate": [0.004425048828125, 0.0, 0.0, 0.0, 0.0, 0.0, 0.0, 0.0, 0.0, 0.0, 0.0, 0.0, 0.0], "lat_speed": [1.6625285559674803e-09, 1.3375813067704002e-07, 1.136170680295557e-07, 4.1679207078322993e-07, 2.2883209384333267e-07, 1.572055612574332e-07, 1.9561785054098005e-07, 0.0, 3.236334796365226e-08, 3.307277718267802e-08, 2.8406682517129695e-07, 2.337050635751929e-08, 8.213855751079247e-08], "lon_speed": [2.249259185042199e-07, 1.0812541001535457e-07, 5.80115106447429e-08, 1.3971930945832478e-07, 7.56400371672957e-08, 9.478619345620766e-09, 2.0903153464518584e-08, 0.0, 4.9176403466833375e-09, 1.029865855357344e-08, 8.796756761958957e-08, 1.786075343235877e-08, 2.2741523716549646e-08], "min_dist": 18.972003936767578}, "control_cmds": {"throttle": [0.04505346715450287, 0.04505346715450287, 0.07505529373884201, 0.07505529373884201, 0.10504069179296494, 0.1350061297416687, 0.1350061297416687, 0.1350061297416687, 0.16497935354709625, 0.19495703279972076, 0.19495703279972076, 0.19495703279972076, 0.25492388010025024], "brake": [0.0, 0.0, 0.0, 0.0, 0.0, 0.0, 0.0, 0.0, 0.0, 0.0, 0.0, 0.0, 0.0], "steer": [0.5311530828475952, 0.5311530828475952, 0.5207260251045227, 0.5207260251045227, 0.5841526985168457, 0.5704684257507324, 0.5704684257507324, 0.5704684257507324, 0.5188369154930115, 0.599433958530426, 0.599433958530426, 0.599433958530426, 0.580088198184967]}, "events": {"crash": false, "stuck": true, "lane_invasion": false, "speeding": false, "other": false, "other_error_val": 0}, "config": {"fps": 20, "max_dist_from_player": 40, "min_dist_from_player": 5, "abort_seconds": 60, "wait_autoware_num_topics": 195}}